INSERT INTO Customer (Customer_Name, Phone_Number, Street, City, State, Zip_Code) VALUES ("Customer0", "1234567890", "1 Grand Ave", "San Luis Obispo", "CA", "93405");
INSERT INTO Customer (Customer_Name, Phone_Number, Street, City, State, Zip_Code) VALUES ("Customer1", "1234567890", "1 Grand Ave", "San Luis Obispo", "CA", "93405");
INSERT INTO Customer (Customer_Name, Phone_Number, Street, City, State, Zip_Code) VALUES ("Customer2", "1234567890", "1 Grand Ave", "San Luis Obispo", "CA", "93405");
INSERT INTO Customer (Customer_Name, Phone_Number, Street, City, State, Zip_Code) VALUES ("Customer3", "1234567890", "1 Grand Ave", "San Luis Obispo", "CA", "93405");
INSERT INTO Customer (Customer_Name, Phone_Number, Street, City, State, Zip_Code) VALUES ("Customer4", "1234567890", "1 Grand Ave", "San Luis Obispo", "CA", "93405");
INSERT INTO Customer (Customer_Name, Phone_Number, Street, City, State, Zip_Code) VALUES ("Customer5", "1234567890", "1 Grand Ave", "San Luis Obispo", "CA", "93405");
INSERT INTO Customer (Customer_Name, Phone_Number, Street, City, State, Zip_Code) VALUES ("Customer6", "1234567890", "1 Grand Ave", "San Luis Obispo", "CA", "93405");
INSERT INTO Customer (Customer_Name, Phone_Number, Street, City, State, Zip_Code) VALUES ("Customer7", "1234567890", "1 Grand Ave", "San Luis Obispo", "CA", "93405");
INSERT INTO Customer (Customer_Name, Phone_Number, Street, City, State, Zip_Code) VALUES ("Customer8", "1234567890", "1 Grand Ave", "San Luis Obispo", "CA", "93405");
INSERT INTO Customer (Customer_Name, Phone_Number, Street, City, State, Zip_Code) VALUES ("Customer9", "1234567890", "1 Grand Ave", "San Luis Obispo", "CA", "93405");
INSERT INTO Customer (Customer_Name, Phone_Number, Street, City, State, Zip_Code) VALUES ("Customer10", "1234567890", "1 Grand Ave", "San Luis Obispo", "CA", "93405");
INSERT INTO Customer (Customer_Name, Phone_Number, Street, City, State, Zip_Code) VALUES ("Customer11", "1234567890", "1 Grand Ave", "San Luis Obispo", "CA", "93405");
INSERT INTO Customer (Customer_Name, Phone_Number, Street, City, State, Zip_Code) VALUES ("Customer12", "1234567890", "1 Grand Ave", "San Luis Obispo", "CA", "93405");
INSERT INTO Customer (Customer_Name, Phone_Number, Street, City, State, Zip_Code) VALUES ("Customer13", "1234567890", "1 Grand Ave", "San Luis Obispo", "CA", "93405");
INSERT INTO Customer (Customer_Name, Phone_Number, Street, City, State, Zip_Code) VALUES ("Customer14", "1234567890", "1 Grand Ave", "San Luis Obispo", "CA", "93405");
INSERT INTO Customer (Customer_Name, Phone_Number, Street, City, State, Zip_Code) VALUES ("Customer15", "1234567890", "1 Grand Ave", "San Luis Obispo", "CA", "93405");
INSERT INTO Customer (Customer_Name, Phone_Number, Street, City, State, Zip_Code) VALUES ("Customer16", "1234567890", "1 Grand Ave", "San Luis Obispo", "CA", "93405");
INSERT INTO Customer (Customer_Name, Phone_Number, Street, City, State, Zip_Code) VALUES ("Customer17", "1234567890", "1 Grand Ave", "San Luis Obispo", "CA", "93405");
INSERT INTO Customer (Customer_Name, Phone_Number, Street, City, State, Zip_Code) VALUES ("Customer18", "1234567890", "1 Grand Ave", "San Luis Obispo", "CA", "93405");
INSERT INTO Customer (Customer_Name, Phone_Number, Street, City, State, Zip_Code) VALUES ("Customer19", "1234567890", "1 Grand Ave", "San Luis Obispo", "CA", "93405");

INSERT INTO Vendor (Vender_Name, Phone_Number, Street, City, State, Zip_Code) VALUES ("Vendor0", "0987654321", "2 Grand Ave", "San Luis Obispo", "CA", "93405");
INSERT INTO Vendor (Vender_Name, Phone_Number, Street, City, State, Zip_Code) VALUES ("Vendor1", "0987654321", "2 Grand Ave", "San Luis Obispo", "CA", "93405");
INSERT INTO Vendor (Vender_Name, Phone_Number, Street, City, State, Zip_Code) VALUES ("Vendor2", "0987654321", "2 Grand Ave", "San Luis Obispo", "CA", "93405");
INSERT INTO Vendor (Vender_Name, Phone_Number, Street, City, State, Zip_Code) VALUES ("Vendor3", "0987654321", "2 Grand Ave", "San Luis Obispo", "CA", "93405");
INSERT INTO Vendor (Vender_Name, Phone_Number, Street, City, State, Zip_Code) VALUES ("Vendor4", "0987654321", "2 Grand Ave", "San Luis Obispo", "CA", "93405");
INSERT INTO Vendor (Vender_Name, Phone_Number, Street, City, State, Zip_Code) VALUES ("Vendor5", "0987654321", "2 Grand Ave", "San Luis Obispo", "CA", "93405");
INSERT INTO Vendor (Vender_Name, Phone_Number, Street, City, State, Zip_Code) VALUES ("Vendor6", "0987654321", "2 Grand Ave", "San Luis Obispo", "CA", "93405");
INSERT INTO Vendor (Vender_Name, Phone_Number, Street, City, State, Zip_Code) VALUES ("Vendor7", "0987654321", "2 Grand Ave", "San Luis Obispo", "CA", "93405");
INSERT INTO Vendor (Vender_Name, Phone_Number, Street, City, State, Zip_Code) VALUES ("Vendor8", "0987654321", "2 Grand Ave", "San Luis Obispo", "CA", "93405");
INSERT INTO Vendor (Vender_Name, Phone_Number, Street, City, State, Zip_Code) VALUES ("Vendor9", "0987654321", "2 Grand Ave", "San Luis Obispo", "CA", "93405");
INSERT INTO Vendor (Vender_Name, Phone_Number, Street, City, State, Zip_Code) VALUES ("Vendor10", "0987654321", "2 Grand Ave", "San Luis Obispo", "CA", "93405");
INSERT INTO Vendor (Vender_Name, Phone_Number, Street, City, State, Zip_Code) VALUES ("Vendor11", "0987654321", "2 Grand Ave", "San Luis Obispo", "CA", "93405");
INSERT INTO Vendor (Vender_Name, Phone_Number, Street, City, State, Zip_Code) VALUES ("Vendor12", "0987654321", "2 Grand Ave", "San Luis Obispo", "CA", "93405");
INSERT INTO Vendor (Vender_Name, Phone_Number, Street, City, State, Zip_Code) VALUES ("Vendor13", "0987654321", "2 Grand Ave", "San Luis Obispo", "CA", "93405");
INSERT INTO Vendor (Vender_Name, Phone_Number, Street, City, State, Zip_Code) VALUES ("Vendor14", "0987654321", "2 Grand Ave", "San Luis Obispo", "CA", "93405");
INSERT INTO Vendor (Vender_Name, Phone_Number, Street, City, State, Zip_Code) VALUES ("Vendor15", "0987654321", "2 Grand Ave", "San Luis Obispo", "CA", "93405");
INSERT INTO Vendor (Vender_Name, Phone_Number, Street, City, State, Zip_Code) VALUES ("Vendor16", "0987654321", "2 Grand Ave", "San Luis Obispo", "CA", "93405");
INSERT INTO Vendor (Vender_Name, Phone_Number, Street, City, State, Zip_Code) VALUES ("Vendor17", "0987654321", "2 Grand Ave", "San Luis Obispo", "CA", "93405");
INSERT INTO Vendor (Vender_Name, Phone_Number, Street, City, State, Zip_Code) VALUES ("Vendor18", "0987654321", "2 Grand Ave", "San Luis Obispo", "CA", "93405");
INSERT INTO Vendor (Vender_Name, Phone_Number, Street, City, State, Zip_Code) VALUES ("Vendor19", "0987654321", "2 Grand Ave", "San Luis Obispo", "CA", "93405");

INSERT INTO Textbook (ISBN, Title, Subject, Author, Edition) VALUES ("0", "Title0", "Subject0", "Author0", 0);
INSERT INTO Textbook (ISBN, Title, Subject, Author, Edition) VALUES ("1", "Title1", "Subject1", "Author1", 1);
INSERT INTO Textbook (ISBN, Title, Subject, Author, Edition) VALUES ("2", "Title2", "Subject2", "Author2", 2);
INSERT INTO Textbook (ISBN, Title, Subject, Author, Edition) VALUES ("3", "Title3", "Subject3", "Author3", 3);
INSERT INTO Textbook (ISBN, Title, Subject, Author, Edition) VALUES ("4", "Title4", "Subject4", "Author4", 4);
INSERT INTO Textbook (ISBN, Title, Subject, Author, Edition) VALUES ("5", "Title5", "Subject5", "Author5", 5);
INSERT INTO Textbook (ISBN, Title, Subject, Author, Edition) VALUES ("6", "Title6", "Subject6", "Author6", 6);
INSERT INTO Textbook (ISBN, Title, Subject, Author, Edition) VALUES ("7", "Title7", "Subject7", "Author7", 7);
INSERT INTO Textbook (ISBN, Title, Subject, Author, Edition) VALUES ("8", "Title8", "Subject8", "Author8", 8);
INSERT INTO Textbook (ISBN, Title, Subject, Author, Edition) VALUES ("9", "Title9", "Subject9", "Author9", 9);
INSERT INTO Textbook (ISBN, Title, Subject, Author, Edition) VALUES ("10", "Title10", "Subject10", "Author10", 10);
INSERT INTO Textbook (ISBN, Title, Subject, Author, Edition) VALUES ("11", "Title11", "Subject11", "Author11", 11);
INSERT INTO Textbook (ISBN, Title, Subject, Author, Edition) VALUES ("12", "Title12", "Subject12", "Author12", 12);
INSERT INTO Textbook (ISBN, Title, Subject, Author, Edition) VALUES ("13", "Title13", "Subject13", "Author13", 13);
INSERT INTO Textbook (ISBN, Title, Subject, Author, Edition) VALUES ("14", "Title14", "Subject14", "Author14", 14);
INSERT INTO Textbook (ISBN, Title, Subject, Author, Edition) VALUES ("15", "Title15", "Subject15", "Author15", 15);
INSERT INTO Textbook (ISBN, Title, Subject, Author, Edition) VALUES ("16", "Title16", "Subject16", "Author16", 16);
INSERT INTO Textbook (ISBN, Title, Subject, Author, Edition) VALUES ("17", "Title17", "Subject17", "Author17", 17);
INSERT INTO Textbook (ISBN, Title, Subject, Author, Edition) VALUES ("18", "Title18", "Subject18", "Author18", 18);
INSERT INTO Textbook (ISBN, Title, Subject, Author, Edition) VALUES ("19", "Title19", "Subject19", "Author19", 19);

INSERT INTO VendorArchive (Vendor_ID, ISBN, Price) VALUES (1, "0", 50.0);
INSERT INTO VendorArchive (Vendor_ID, ISBN, Price) VALUES (2, "1", 50.0);
INSERT INTO VendorArchive (Vendor_ID, ISBN, Price) VALUES (3, "2", 50.0);
INSERT INTO VendorArchive (Vendor_ID, ISBN, Price) VALUES (4, "3", 50.0);
INSERT INTO VendorArchive (Vendor_ID, ISBN, Price) VALUES (5, "4", 50.0);
INSERT INTO VendorArchive (Vendor_ID, ISBN, Price) VALUES (6, "5", 50.0);
INSERT INTO VendorArchive (Vendor_ID, ISBN, Price) VALUES (7, "6", 50.0);
INSERT INTO VendorArchive (Vendor_ID, ISBN, Price) VALUES (8, "7", 50.0);
INSERT INTO VendorArchive (Vendor_ID, ISBN, Price) VALUES (9, "8", 50.0);
INSERT INTO VendorArchive (Vendor_ID, ISBN, Price) VALUES (10, "9", 50.0);
INSERT INTO VendorArchive (Vendor_ID, ISBN, Price) VALUES (11, "10", 50.0);
INSERT INTO VendorArchive (Vendor_ID, ISBN, Price) VALUES (12, "11", 50.0);
INSERT INTO VendorArchive (Vendor_ID, ISBN, Price) VALUES (13, "12", 50.0);
INSERT INTO VendorArchive (Vendor_ID, ISBN, Price) VALUES (14, "13", 50.0);
INSERT INTO VendorArchive (Vendor_ID, ISBN, Price) VALUES (15, "14", 50.0);
INSERT INTO VendorArchive (Vendor_ID, ISBN, Price) VALUES (16, "15", 50.0);
INSERT INTO VendorArchive (Vendor_ID, ISBN, Price) VALUES (17, "16", 50.0);
INSERT INTO VendorArchive (Vendor_ID, ISBN, Price) VALUES (18, "17", 50.0);
INSERT INTO VendorArchive (Vendor_ID, ISBN, Price) VALUES (19, "18", 50.0);
INSERT INTO VendorArchive (Vendor_ID, ISBN, Price) VALUES (20, "19", 50.0);

INSERT INTO Professor (Professor_Name, Email, Department) VALUES ("Professor0", "Email0", "Department0");
INSERT INTO Professor (Professor_Name, Email, Department) VALUES ("Professor1", "Email1", "Department1");
INSERT INTO Professor (Professor_Name, Email, Department) VALUES ("Professor2", "Email2", "Department2");
INSERT INTO Professor (Professor_Name, Email, Department) VALUES ("Professor3", "Email3", "Department3");
INSERT INTO Professor (Professor_Name, Email, Department) VALUES ("Professor4", "Email4", "Department4");
INSERT INTO Professor (Professor_Name, Email, Department) VALUES ("Professor5", "Email5", "Department5");
INSERT INTO Professor (Professor_Name, Email, Department) VALUES ("Professor6", "Email6", "Department6");
INSERT INTO Professor (Professor_Name, Email, Department) VALUES ("Professor7", "Email7", "Department7");
INSERT INTO Professor (Professor_Name, Email, Department) VALUES ("Professor8", "Email8", "Department8");
INSERT INTO Professor (Professor_Name, Email, Department) VALUES ("Professor9", "Email9", "Department9");
INSERT INTO Professor (Professor_Name, Email, Department) VALUES ("Professor10", "Email10", "Department10");
INSERT INTO Professor (Professor_Name, Email, Department) VALUES ("Professor11", "Email11", "Department11");
INSERT INTO Professor (Professor_Name, Email, Department) VALUES ("Professor12", "Email12", "Department12");
INSERT INTO Professor (Professor_Name, Email, Department) VALUES ("Professor13", "Email13", "Department13");
INSERT INTO Professor (Professor_Name, Email, Department) VALUES ("Professor14", "Email14", "Department14");
INSERT INTO Professor (Professor_Name, Email, Department) VALUES ("Professor15", "Email15", "Department15");
INSERT INTO Professor (Professor_Name, Email, Department) VALUES ("Professor16", "Email16", "Department16");
INSERT INTO Professor (Professor_Name, Email, Department) VALUES ("Professor17", "Email17", "Department17");
INSERT INTO Professor (Professor_Name, Email, Department) VALUES ("Professor18", "Email18", "Department18");
INSERT INTO Professor (Professor_Name, Email, Department) VALUES ("Professor19", "Email19", "Department19");

INSERT INTO Course (Department, Course_Number, Professor_ID) VALUES ("Department0", 0, 1);
INSERT INTO Course (Department, Course_Number, Professor_ID) VALUES ("Department1", 1, 2);
INSERT INTO Course (Department, Course_Number, Professor_ID) VALUES ("Department2", 2, 3);
INSERT INTO Course (Department, Course_Number, Professor_ID) VALUES ("Department3", 3, 4);
INSERT INTO Course (Department, Course_Number, Professor_ID) VALUES ("Department4", 4, 5);
INSERT INTO Course (Department, Course_Number, Professor_ID) VALUES ("Department5", 5, 6);
INSERT INTO Course (Department, Course_Number, Professor_ID) VALUES ("Department6", 6, 7);
INSERT INTO Course (Department, Course_Number, Professor_ID) VALUES ("Department7", 7, 8);
INSERT INTO Course (Department, Course_Number, Professor_ID) VALUES ("Department8", 8, 9);
INSERT INTO Course (Department, Course_Number, Professor_ID) VALUES ("Department9", 9, 10);
INSERT INTO Course (Department, Course_Number, Professor_ID) VALUES ("Department10", 10, 11);
INSERT INTO Course (Department, Course_Number, Professor_ID) VALUES ("Department11", 11, 12);
INSERT INTO Course (Department, Course_Number, Professor_ID) VALUES ("Department12", 12, 13);
INSERT INTO Course (Department, Course_Number, Professor_ID) VALUES ("Department13", 13, 14);
INSERT INTO Course (Department, Course_Number, Professor_ID) VALUES ("Department14", 14, 15);
INSERT INTO Course (Department, Course_Number, Professor_ID) VALUES ("Department15", 15, 16);
INSERT INTO Course (Department, Course_Number, Professor_ID) VALUES ("Department16", 16, 17);
INSERT INTO Course (Department, Course_Number, Professor_ID) VALUES ("Department17", 17, 18);
INSERT INTO Course (Department, Course_Number, Professor_ID) VALUES ("Department18", 18, 19);
INSERT INTO Course (Department, Course_Number, Professor_ID) VALUES ("Department19", 19, 20);

INSERT INTO Transaction (Vendor_ID, Customer_ID, ISBN, Purchase_Date, Price) VALUES (1, 1, 0, "2017-03-05", 50.0);
INSERT INTO Transaction (Vendor_ID, Customer_ID, ISBN, Purchase_Date, Price) VALUES (2, 2, 1, "2017-03-05", 50.0);
INSERT INTO Transaction (Vendor_ID, Customer_ID, ISBN, Purchase_Date, Price) VALUES (3, 3, 2, "2017-03-05", 50.0);
INSERT INTO Transaction (Vendor_ID, Customer_ID, ISBN, Purchase_Date, Price) VALUES (4, 4, 3, "2017-03-05", 50.0);
INSERT INTO Transaction (Vendor_ID, Customer_ID, ISBN, Purchase_Date, Price) VALUES (5, 5, 4, "2017-03-05", 50.0);
INSERT INTO Transaction (Vendor_ID, Customer_ID, ISBN, Purchase_Date, Price) VALUES (6, 6, 5, "2017-03-05", 50.0);
INSERT INTO Transaction (Vendor_ID, Customer_ID, ISBN, Purchase_Date, Price) VALUES (7, 7, 6, "2017-03-05", 50.0);
INSERT INTO Transaction (Vendor_ID, Customer_ID, ISBN, Purchase_Date, Price) VALUES (8, 8, 7, "2017-03-05", 50.0);
INSERT INTO Transaction (Vendor_ID, Customer_ID, ISBN, Purchase_Date, Price) VALUES (9, 9, 8, "2017-03-05", 50.0);
INSERT INTO Transaction (Vendor_ID, Customer_ID, ISBN, Purchase_Date, Price) VALUES (10, 10, 9, "2017-03-05", 50.0);
INSERT INTO Transaction (Vendor_ID, Customer_ID, ISBN, Purchase_Date, Price) VALUES (11, 11, 10, "2017-03-05", 50.0);
INSERT INTO Transaction (Vendor_ID, Customer_ID, ISBN, Purchase_Date, Price) VALUES (12, 12, 11, "2017-03-05", 50.0);
INSERT INTO Transaction (Vendor_ID, Customer_ID, ISBN, Purchase_Date, Price) VALUES (13, 13, 12, "2017-03-05", 50.0);
INSERT INTO Transaction (Vendor_ID, Customer_ID, ISBN, Purchase_Date, Price) VALUES (14, 14, 13, "2017-03-05", 50.0);
INSERT INTO Transaction (Vendor_ID, Customer_ID, ISBN, Purchase_Date, Price) VALUES (15, 15, 14, "2017-03-05", 50.0);
INSERT INTO Transaction (Vendor_ID, Customer_ID, ISBN, Purchase_Date, Price) VALUES (16, 16, 15, "2017-03-05", 50.0);
INSERT INTO Transaction (Vendor_ID, Customer_ID, ISBN, Purchase_Date, Price) VALUES (17, 17, 16, "2017-03-05", 50.0);
INSERT INTO Transaction (Vendor_ID, Customer_ID, ISBN, Purchase_Date, Price) VALUES (18, 18, 17, "2017-03-05", 50.0);
INSERT INTO Transaction (Vendor_ID, Customer_ID, ISBN, Purchase_Date, Price) VALUES (19, 19, 18, "2017-03-05", 50.0);
INSERT INTO Transaction (Vendor_ID, Customer_ID, ISBN, Purchase_Date, Price) VALUES (20, 20, 19, "2017-03-05", 50.0);

INSERT INTO RequiredBook (Department, Course_Number, Professor_ID, Textbook_Required) VALUES ("Department0", 0, 1, 0);
INSERT INTO RequiredBook (Department, Course_Number, Professor_ID, Textbook_Required) VALUES ("Department1", 1, 2, 1);
INSERT INTO RequiredBook (Department, Course_Number, Professor_ID, Textbook_Required) VALUES ("Department2", 2, 3, 2);
INSERT INTO RequiredBook (Department, Course_Number, Professor_ID, Textbook_Required) VALUES ("Department3", 3, 4, 3);
INSERT INTO RequiredBook (Department, Course_Number, Professor_ID, Textbook_Required) VALUES ("Department4", 4, 5, 4);
INSERT INTO RequiredBook (Department, Course_Number, Professor_ID, Textbook_Required) VALUES ("Department5", 5, 6, 5);
INSERT INTO RequiredBook (Department, Course_Number, Professor_ID, Textbook_Required) VALUES ("Department6", 6, 7, 6);
INSERT INTO RequiredBook (Department, Course_Number, Professor_ID, Textbook_Required) VALUES ("Department7", 7, 8, 7);
INSERT INTO RequiredBook (Department, Course_Number, Professor_ID, Textbook_Required) VALUES ("Department8", 8, 9, 8);
INSERT INTO RequiredBook (Department, Course_Number, Professor_ID, Textbook_Required) VALUES ("Department9", 9, 10, 9);
INSERT INTO RequiredBook (Department, Course_Number, Professor_ID, Textbook_Required) VALUES ("Department10", 10, 11, 10);
INSERT INTO RequiredBook (Department, Course_Number, Professor_ID, Textbook_Required) VALUES ("Department11", 11, 12, 11);
INSERT INTO RequiredBook (Department, Course_Number, Professor_ID, Textbook_Required) VALUES ("Department12", 12, 13, 12);
INSERT INTO RequiredBook (Department, Course_Number, Professor_ID, Textbook_Required) VALUES ("Department13", 13, 14, 13);
INSERT INTO RequiredBook (Department, Course_Number, Professor_ID, Textbook_Required) VALUES ("Department14", 14, 15, 14);
INSERT INTO RequiredBook (Department, Course_Number, Professor_ID, Textbook_Required) VALUES ("Department15", 15, 16, 15);
INSERT INTO RequiredBook (Department, Course_Number, Professor_ID, Textbook_Required) VALUES ("Department16", 16, 17, 16);
INSERT INTO RequiredBook (Department, Course_Number, Professor_ID, Textbook_Required) VALUES ("Department17", 17, 18, 17);
INSERT INTO RequiredBook (Department, Course_Number, Professor_ID, Textbook_Required) VALUES ("Department18", 18, 19, 18);
INSERT INTO RequiredBook (Department, Course_Number, Professor_ID, Textbook_Required) VALUES ("Department19", 19, 20, 19);
